wordcnt.no,wordcnt.content,wordcnt.mor,wordcnt.cnt
1,파리,Noun,567
2,런던,Noun,354
3,월,Noun,268
4,요,Noun,250
5,질문,Noun,231
6,공항,Noun,188
7,추천,Noun,187
8,분,Noun,183
9,예약,Noun,151
10,투어,Noun,149
11,문의,Noun,146
12,바르셀로나,Noun,136
13,여행,Noun,134
14,크리스마스,Noun,132
15,날씨,Noun,130
16,로마,Noun,125
17,시간,Noun,125
18,있나요,Adjective,119
19,일,Noun,118
20,교통,Noun,117
21,시,Noun,114
22,스페인,Noun,113
23,스위스,Noun,104
24,패스,Noun,104
25,곳,Noun,102
26,이탈리아,Noun,99
27,가요,Noun,98
28,프랑스,Noun,98
29,있을까요,Adjective,93
30,택시,Noun,91
31,관련,Noun,87
32,시내,Noun,87
33,카드,Noun,86
34,역,Noun,85
35,수,Noun,81
36,티켓,Noun,79
37,버스,Noun,76
38,안,Noun,75
39,하나요,Noun,74
40,디즈니랜드,Noun,71
41,입장,Noun,69
42,마켓,Noun,69
43,드려요,Verb,68
44,피렌체,Noun,68
45,해주세요,Verb,66
46,드립니다,Verb,65
47,일정,Noun,63
48,가는,Verb,62
49,할,Verb,62
50,영국,Noun,61
51,나비고,Noun,60
52,중,Noun,59
53,궁전,Noun,58
54,미술관,Noun,57
55,거,Noun,57
56,도착,Noun,55
57,박물관,Noun,55
58,부탁드려요,Adjective,53
59,구매,Noun,53
60,독일,Noun,51
61,비,Noun,51
62,베르사유,Noun,50
63,부탁드립니다,Adjective,50
64,지엄,Noun,50
65,뮤,Noun,50
66,이동,Noun,49
67,밤,Noun,49
68,하는,Verb,48
69,지금,Noun,47
70,가능한가요,Adjective,46
71,루브르,Noun,46
72,프라하,Noun,45
73,겨울,Noun,45
74,좋을까요,Adjective,45
75,게,Noun,45
76,어디,Noun,44
77,세비야,Noun,44
78,입니다,Adjective,43
79,할까,Verb,42
80,되나요,Verb,41
81,새해,Noun,41
82,해야,Verb,41
83,짐,Noun,40
84,맛집,Noun,40
85,때,Noun,39
86,리스본,Noun,39
87,방법,Noun,39
88,치안,Noun,39
89,많이,Adverb,38
90,이용,Noun,38
91,새벽,Noun,38
92,베니스,Noun,37
93,비엔나,Noun,37
94,가능할까,Adjective,36
95,밀라노,Noun,36
96,포르투갈,Noun,36
97,계시나요,Adjective,36
98,뭐,Noun,36
99,샤를,Noun,35
100,하루,Noun,35
101,아시,Noun,35
102,보관,Noun,34
103,오스트리아,Noun,34
104,드골,Noun,34
105,근처,Noun,34
106,지하철,Noun,34
107,가보신,Verb,34
108,말,Noun,33
109,대중교통,Noun,33
110,날,Noun,33
111,있는,Adjective,33
112,도와주세요,Verb,33
113,마드리드,Noun,32
114,당일,Noun,32
115,해보신,Verb,31
116,어떻게,Adjective,31
117,미리,Noun,31
118,가야,Noun,30
119,우버,Noun,30
120,트래블,Noun,29
121,이,Noun,29
122,월렛,Noun,29
123,포르투,Noun,29
124,예매,Noun,29
125,융프라우,Noun,29
126,오르세,Verb,29
127,좀,Noun,28
128,괜찮을까요,Adjective,28
129,보신,Noun,27
130,하는데,Verb,27
131,교통카드,Noun,27
132,히스,Noun,27
133,언제,Noun,27
134,공연,Noun,27
135,남부,Noun,27
136,갈,Verb,26
137,그라나다,Noun,26
138,오페라,Noun,25
139,꼭,Noun,25
140,오늘,Noun,25
141,혹시,Noun,25
142,숙소,Noun,25
143,베네치아,Noun,25
144,카르,Noun,25
145,사용,Noun,25
146,것,Noun,24
147,주,Noun,24
148,저녁,Noun,24
149,일요일,Noun,24
150,몇,Noun,24
151,입장권,Noun,24
152,있습니다,Adjective,24
153,초,Noun,24
154,조언,Noun,24
155,캐리어,Noun,24
156,뮤지컬,Noun,24
157,개,Noun,23
158,다,Adverb,23
159,유럽,Noun,23
160,북역,Noun,23
161,빈,Noun,23
162,이스터,Noun,23
163,혼자,Noun,23
164,알람브라,Noun,23
165,스튜디오,Noun,23
166,정도,Noun,23
167,후,Noun,23
168,박,Noun,22
169,베를린,Noun,22
170,무료,Noun,22
171,고민,Noun,22
172,바티칸,Noun,22
173,뮌헨,Noun,22
174,콜로세움,Noun,22
175,샤모니,Noun,22
176,괜찮나요,Adjective,22
177,근교,Noun,21
178,도시,Noun,21
179,건가,Noun,21
180,프랑크푸르트,Noun,21
181,부다페스트,Noun,21
182,잘,Verb,21
183,일까,Verb,21
184,해리포터,Noun,21
185,가는데,Verb,20
186,오후,Noun,20
187,구,Noun,20
188,될까,Verb,20
189,광장,Noun,20
190,식당,Noun,20
191,운행,Noun,20
192,하면,Verb,20
193,터키,Noun,19
194,결제,Noun,19
195,한,Verb,19
196,하시나요,Verb,19
197,볼,Noun,19
198,다녀오신,Verb,19
199,당일치기,Noun,19
200,구입,Noun,19
201,체코,Noun,19
202,에펠탑,Noun,18
203,모,Noun,18
204,관광지,Noun,18
205,바토,Noun,18
206,니스,Noun,18
207,인터라켄,Noun,18
208,중순,Noun,18
209,돌,Noun,17
210,동유럽,Noun,17
211,파,Noun,17
212,라다,Noun,17
213,노르웨이,Noun,17
214,현재,Noun,17
215,가이드,Noun,17
216,밀리,Noun,17
217,만,Noun,17
218,불꽃놀이,Noun,17
219,해서,Verb,17
220,나을까요,Verb,17
221,너무,Adverb,17
222,더,Noun,17
223,주리,Noun,17
224,가면,Noun,17
225,파업,Noun,17
226,쯤,Noun,16
227,마지막,Noun,16
228,어디서,Adverb,16
229,성당,Noun,16
230,스,Noun,16
231,아침,Noun,16
232,호텔,Noun,16
233,관광,Noun,15
234,오는,Verb,15
235,바셀,Noun,15
236,데,Noun,15
237,연말,Noun,15
238,트레블,Noun,15
239,정보,Noun,15
240,좋은,Adjective,15
241,합니다,Verb,15
242,맞나요,Verb,15
243,했는데,Verb,15
244,루미,Noun,15
245,가우디,Noun,15
246,월초,Noun,14
247,통합,Noun,14
248,가도,Noun,14
249,달,Noun,14
250,현장,Noun,14
251,두,Noun,14
252,마트,Noun,14
253,제,Noun,14
254,카운트다운,Noun,14
255,네이션,Noun,14
256,궁금합니다,Adjective,14
257,야경,Noun,14
258,오로라,Noun,14
259,대성당,Noun,14
260,오랑,Noun,14
261,환승,Noun,14
262,관람,Noun,14
263,할만,Verb,13
264,내일,Noun,13
265,어떨까,Adjective,13
266,기차,Noun,13
267,드레스덴,Noun,13
268,있으신,Adjective,13
269,계신,Adjective,13
270,뭘,Noun,13
271,성,Noun,13
272,알려주세요,Verb,13
273,데이,Noun,13
274,수단,Noun,13
275,법,Noun,13
276,얼마나,Noun,13
277,도움,Noun,13
278,스트라스부르,Noun,13
279,주말,Noun,13
280,트랙,Noun,13
281,어떤,Adjective,12
282,랜드,Noun,12
283,예정,Noun,12
284,필수,Noun,12
285,발레,Noun,12
286,위험할까,Adjective,12
287,가능한,Adjective,12
288,티,Noun,12
289,가려고,Verb,12
290,없이,Adverb,12
291,헝가리,Noun,12
292,소요,Noun,12
293,극장,Noun,12
294,쪽,Noun,12
295,있어요,Adjective,12
296,최근,Noun,12
297,비행기,Noun,12
298,제일,Noun,12
299,잘츠부르크,Noun,12
300,온천,Noun,12
301,문,Noun,12
302,프레,Noun,12
303,별로,Noun,12
304,갈만,Verb,12
305,카페,Noun,12
306,몬세라트,Noun,11
307,에든버러,Noun,11
308,하나,Noun,11
309,피사,Noun,11
310,폴란드,Noun,11
311,어디가,Noun,11
312,암스테르담,Noun,11
313,구경,Noun,11
314,궁금한,Adjective,11
315,궁금해요,Adjective,11
316,트램,Noun,11
317,기간,Noun,11
318,중앙,Noun,11
319,런던아이,Noun,11
320,몽생미셸,Noun,11
321,디즈니,Noun,11
322,네덜란드,Noun,11
323,거리,Noun,11
324,월말,Noun,11
325,신트라,Noun,11
326,윈터,Noun,11
327,스키,Noun,11
328,이스탄불,Noun,11
329,익스,Noun,11
330,인권,Noun,11
331,세,Noun,11
332,섬,Noun,11
333,자유여행,Noun,11
334,히드로,Noun,11
335,전,Noun,11
336,원더,Noun,10
337,핀란드,Noun,10
338,바,Noun,10
339,언덕,Noun,10
340,가볼,Verb,10
341,좋나요,Adjective,10
342,대해,Noun,10
343,공원,Noun,10
344,트윅,Noun,10
345,같은,Adjective,10
346,이후,Noun,10
347,첫,Noun,10
348,편,Noun,10
349,타고,Noun,10
350,위치,Noun,10
351,계획,Noun,10
352,체어,Noun,10
353,어플,Noun,10
354,계실까,Adjective,10
355,봐주세요,Verb,9
356,축제,Noun,9
357,트르,Noun,9
358,우,Adverb,9
359,스카이,Noun,9
360,시즌,Noun,9
361,바로,Noun,9
362,할슈타트,Noun,9
363,파크,Noun,9
364,메스,Noun,9
365,에펠,Noun,9
366,못,Noun,9
367,아이슬란드,Noun,9
368,발트,Noun,9
369,프라,Noun,9
370,개선문,Noun,9
371,취리히,Noun,9
372,경유,Noun,9
373,생트,Noun,9
374,번,Noun,9
375,위험한가요,Adjective,9
376,볼트,Noun,9
377,공유,Noun,9
378,좌석,Noun,9
379,어느,Adverb,9
380,갈까,Verb,9
381,탈,Noun,9
382,톨레도,Noun,9
383,할인,Noun,9
384,오전,Noun,9
385,안녕하세요,Adjective,9
386,토트넘,Noun,9
387,등,Noun,9
388,리스보아,Noun,9
389,타는,Verb,9
390,여자,Noun,9
391,뉘른베르크,Noun,9
392,요즘,Noun,9
393,블로그,Noun,9
394,여행지,Noun,8
395,회,Noun,8
396,요금,Noun,8
397,라인,Noun,8
398,년,Noun,8
399,몬주익,Noun,8
400,까요,Verb,8
401,반,Noun,8
402,몽블랑,Noun,8
403,파리지앵,Noun,8
404,행사,Noun,8
405,말라가,Noun,8
406,무슈,Noun,8
407,오를리,Verb,8
408,무슨,Noun,8
409,장소,Noun,8
410,보는,Verb,8
411,소,Noun,8
412,여나요,Verb,8
413,여쭤,Verb,8
414,가장,Noun,8
415,펍,Noun,8
416,하는데요,Verb,8
417,치,Noun,8
418,옥스퍼드,Noun,8
419,다음,Noun,8
420,급,Noun,8
421,분위기,Noun,8
422,아이,Noun,8
423,패딩턴,Noun,8
424,둘,Noun,8
425,폼페이,Noun,8
426,빌리지,Verb,8
427,사람,Noun,8
428,잡힐까,Verb,8
429,우피,Noun,8
430,그린,Noun,8
431,골라주세요,Verb,8
432,사이트,Noun,8
433,없나요,Adjective,8
434,루트,Noun,8
435,산,Noun,8
436,해,Verb,8
437,춥나요,Verb,8
438,이태리,Noun,8
439,해도,Verb,7
440,나라,Noun,7
441,내부,Noun,7
442,얼마,Noun,7
443,세븐,Noun,7
444,맡길,Verb,7
445,델,Noun,7
446,왕복,Noun,7
447,참견,Noun,7
448,일몰,Noun,7
449,여부,Noun,7
450,가게,Noun,7
451,트래킹,Noun,7
452,유령,Noun,7
453,해도,Noun,7
454,북유럽,Noun,7
455,한국,Noun,7
456,여러,Noun,7
457,벨기에,Noun,7
458,가기,Noun,7
459,보고,Noun,7
460,정찰,Noun,7
461,내년,Noun,7
462,시칠리아,Noun,7
463,지역,Noun,7
464,피르스트,Noun,7
465,이렇게,Adverb,7
466,카탈루냐,Noun,7
467,이름,Noun,7
468,하고,Verb,7
469,보,Noun,7
470,샤펠,Noun,7
471,어린이,Noun,7
472,사진,Noun,7
473,전망대,Noun,7
474,공항버스,Noun,7
475,보통,Noun,7
476,교통비,Noun,7
477,테르,Noun,7
478,미니,Noun,7
479,보기,Noun,7
480,공사,Noun,7
481,해주실,Verb,7
482,벙커,Noun,7
483,어딜,Adverb,7
484,봅니다,Verb,7
485,없을까요,Adjective,7
486,들,Verb,7
487,리스,Noun,7
488,정원,Noun,6
489,킹스크로스,Noun,6
490,장,Noun,6
491,유로,Noun,6
492,되는,Verb,6
493,잡히나요,Verb,6
494,크루즈,Noun,6
495,필요한가요,Adjective,6
496,미켈란젤로,Noun,6
497,오나요,Verb,6
498,및,Noun,6
499,공홈,Noun,6
500,하신,Verb,6
501,토,Noun,6
502,어때요,Adjective,6
503,가지,Noun,6
504,토스카나,Noun,6
505,원,Noun,6
506,고흐,Noun,6
507,이번,Noun,6
508,환불,Noun,6
509,스타디움,Noun,6
510,걸까,Verb,6
511,스파,Noun,6
512,싶은데,Verb,6
513,하려고,Verb,6
514,취소,Noun,6
515,계세,Noun,6
516,시스터즈,Noun,6
517,다빈치,Noun,6
518,다리,Noun,6
519,시작,Noun,6
520,열차,Noun,6
521,표,Noun,6
522,불가,Noun,6
523,패러글라이딩,Noun,6
524,자전거,Noun,6
525,자유,Noun,6
526,너리,Noun,6
527,트,Noun,6
528,시티,Noun,6
529,사르,Noun,6
530,리옹,Noun,6
531,축구,Noun,6
532,사야,Verb,6
533,지구,Noun,6
534,명,Noun,6
535,해,Noun,6
536,살기,Noun,6
537,해요,Verb,6
538,콘택트,Noun,6
539,가시는,Verb,6
540,터미널,Noun,6
541,저,Noun,6
542,유람선,Noun,6
543,일찍,Noun,6
544,선택,Noun,6
545,없는,Adjective,6
546,오면,Verb,6
547,몽마르트르,Noun,6
548,또는,Adverb,6
549,떼르,Noun,6
550,가르니에,Verb,6
551,신혼여행,Noun,6
552,시트,Noun,6
553,국가,Noun,6
554,오류,Noun,6
555,나,Noun,6
556,브뤼셀,Noun,6
557,뭔가,Noun,6
558,알카,Noun,6
559,앞,Noun,6
560,생제르맹,Noun,5
561,늦은,Verb,5
562,불꽃,Noun,5
563,포토,Noun,5
564,만찬,Noun,5
565,포지,Noun,5
566,현지,Noun,5
567,플라멩코,Noun,5
568,많은,Adjective,5
569,플리트비체,Noun,5
570,네,Noun,5
571,포르토,Noun,5
572,내셔널,Noun,5
573,내,Noun,5
574,제발,Noun,5
575,예쁜,Adjective,5
576,신청,Noun,5
577,피카소,Noun,5
578,나비,Noun,5
579,경기,Noun,5
580,보르,Noun,5
581,맛,Noun,5
582,최후,Noun,5
583,패키지,Noun,5
584,가격,Noun,5
585,크로아티아,Noun,5
586,아님,Adjective,5
587,금요일,Noun,5
588,오픈,Noun,5
589,튀어,Noun,5
590,맞을까요,Verb,5
591,맞이,Noun,5
592,첫째,Noun,5
593,첫날,Noun,5
594,처음,Noun,5
595,여,Noun,5
596,집,Noun,5
597,있으실까,Adjective,5
598,그리스,Noun,5
599,루카,Noun,5
600,경기장,Noun,5
601,있으세요,Adjective,5
602,키예,Noun,5
603,메트로,Noun,5
604,입장료,Noun,5
605,콜마르,Noun,5
606,크리스마스이브,Noun,5
607,왜,Noun,5
608,레스토랑,Noun,5
609,생,Noun,5
610,입국,Noun,5
611,점,Noun,5
612,코트,Noun,5
613,운영,Noun,5
614,몰타,Noun,5
615,부탁,Noun,5
616,국제,Noun,5
617,가봐야,Verb,5
618,마르스,Noun,5
619,화이트,Noun,5
620,케이블카,Noun,5
621,캡,Noun,5
622,한다면,Verb,5
623,한다,Verb,5
624,길,Noun,5
625,구장,Noun,5
626,왔는데,Verb,5
627,가든,Noun,5
628,안전할까,Adjective,5
629,드,Noun,5
630,리,Noun,5
631,미디,Noun,5
632,소지,Noun,5
633,마요르카,Noun,5
634,관할,Noun,5
635,수영,Noun,5
636,걸릴까,Verb,5
637,동안,Noun,5
638,하여,Verb,5
639,덴마크,Noun,5
640,어떠셨나요,Adjective,5
641,고수,Noun,5
642,가려는데,Verb,5
643,토요일,Noun,5
644,하려는데,Verb,5
645,발급,Noun,5
646,시반,Noun,5
647,방문,Noun,5
648,힘들까,Adjective,5
649,다녀와,Verb,5
650,백신,Noun,5
651,유명한,Adjective,5
652,노,Noun,4
653,큰,Verb,4
654,크리스,Noun,4
655,리기,Noun,4
656,쿨,Noun,4
657,쾰른,Noun,4
658,콩,Noun,4
659,마감,Noun,4
660,코펜하겐,Noun,4
661,마르세유,Noun,4
662,코,Noun,4
663,턴,Noun,4
664,올해,Noun,4
665,테,Noun,4
666,친퀘테레,Noun,4
667,마터호른,Noun,4
668,충전,Noun,4
669,초등학생,Noun,4
670,체,Noun,4
671,맡기는,Verb,4
672,처,Noun,4
673,차,Noun,4
674,맨체스터,Noun,4
675,진행,Noun,4
676,먹을,Verb,4
677,간다,Noun,4
678,호수,Noun,4
679,명소,Noun,4
680,요청,Noun,4
681,레이,Noun,4
682,모든,Noun,4
683,모로코,Noun,4
684,티비,Noun,4
685,귀,Noun,4
686,라이언킹,Noun,4
687,몽,Noun,4
688,또,Noun,4
689,갈지,Verb,4
690,따로,Adverb,4
691,국립,Noun,4
692,무리,Noun,4
693,갑니다,Verb,4
694,무엇,Noun,4
695,들고,Verb,4
696,갔다,Verb,4
697,구합,Noun,4
698,안시,Noun,4
699,오디오,Noun,4
700,괜찮은가요,Adjective,4
701,애프터눈,Noun,4
702,액,Noun,4
703,야간,Noun,4
704,미사,Noun,4
705,미셸,Noun,4
706,미슐랭,Noun,4
707,양도,Noun,4
708,돼요,Verb,4
709,관,Noun,4
710,공휴일,Noun,4
711,도보,Noun,4
712,골,Noun,4
713,대여,Noun,4
714,퓌센,Noun,4
715,프,Noun,4
716,다이빙,Noun,4
717,푸니,Verb,4
718,방부,Noun,4
719,얼스,Noun,4
720,니,Noun,4
721,늦게,Verb,4
722,느낌,Noun,4
723,프랑크,Noun,4
724,누,Noun,4
725,업체,Noun,4
726,베로나,Noun,4
727,가능한지,Adjective,4
728,벨,Noun,4
729,벼룩시장,Noun,4
730,나폴리,Noun,4
731,피우미치노,Noun,4
732,갤러리,Noun,4
733,나스,Noun,4
734,보러,Verb,4
735,픽업,Noun,4
736,페냐성,Noun,4
737,보려면,Verb,4
738,필요,Noun,4
739,영업,Noun,4
740,아직,Adverb,4
741,아예,Noun,4
742,필요할까,Adjective,4
743,보트,Noun,4
744,본,Verb,4
745,아니면,Adjective,4
746,봐도,Verb,4
747,월드,Noun,4
748,계속,Noun,4
749,하기,Verb,4
750,판테온,Noun,4
751,유로스타,Noun,4
752,시내버스,Noun,4
753,시기,Noun,4
754,시간대,Noun,4
755,음식점,Noun,4
756,파운드,Noun,4
757,스폿,Noun,4
758,이드,Noun,4
759,이런,Adjective,4
760,스톡홀름,Noun,4
761,줄,Noun,4
762,학생증,Noun,4
763,쇼,Noun,4
764,인,Noun,4
765,소매치기,Noun,4
766,소도시,Noun,4
767,션,Noun,4
768,세체,Noun,4
769,세인트,Noun,4
770,주변,Noun,4
771,한번,Noun,4
772,일리,Noun,4
773,일반,Noun,4
774,샤를르,Noun,4
775,여름,Noun,4
776,종류,Noun,4
777,존,Noun,4
778,사막,Noun,4
779,조명,Noun,4
780,해변,Noun,4
781,비바,Noun,4
782,작품,Noun,4
783,에르,Noun,4
784,분수,Noun,4
785,여권,Noun,4
786,했는데요,Verb,4
787,헌팅,Noun,4
788,헤갈,Noun,4
789,로바니에미,Noun,4
790,타야,Verb,4
791,론다,Noun,4
792,와,Verb,4
793,유스,Noun,3
794,밥,Noun,3
795,캄프,Noun,3
796,단,Noun,3
797,옐로,Noun,3
798,마르코,Noun,3
799,닫나요,Verb,3
800,탑,Noun,3
801,오,Noun,3
802,음식,Noun,3
803,가신,Noun,3
804,걸,Noun,3
805,음악회,Noun,3
806,의견,Noun,3
807,파이브,Noun,3
808,슬로베니아,Noun,3
809,스플리트,Noun,3
810,장크트,Noun,3
811,재,Noun,3
812,닫을까요,Verb,3
813,반일,Noun,3
814,없는데,Adjective,3
815,하성,Noun,3
816,부활절,Noun,3
817,대,Verb,3
818,반나절,Noun,3
819,코르도바,Noun,3
820,코스,Noun,3
821,대기,Noun,3
822,고로,Noun,3
823,고르,Verb,3
824,스키장,Noun,3
825,마레,Noun,3
826,걸리나요,Verb,3
827,대한,Noun,3
828,바포레토,Noun,3
829,이브,Noun,3
830,스코틀랜드,Noun,3
831,스케이트장,Noun,3
832,더블린,Noun,3
833,어딘가,Noun,3
834,동선,Noun,3
835,스웨덴,Noun,3
836,하우스,Noun,3
837,엘리자베스,Noun,3
838,주차,Noun,3
839,슈투트가르트,Noun,3
840,슈타인,Noun,3
841,학년,Noun,3
842,슈반,Noun,3
843,학생,Noun,3
844,동행,Noun,3
845,되네요,Verb,3
846,같나요,Adjective,3
847,재즈,Noun,3
848,숍,Noun,3
849,부른,Verb,3
850,소화,Noun,3
851,괜찮은,Adjective,3
852,두바이,Noun,3
853,뒤,Noun,3
854,안전한가요,Adjective,3
855,구글,Noun,3
856,구역,Noun,3
857,확인,Noun,3
858,주세요,Verb,3
859,코츠,Noun,3
860,타노,Verb,3
861,접종,Noun,3
862,인근,Noun,3
863,소렌토,Noun,3
864,큐폴라,Noun,3
865,인스브루크,Noun,3
866,물,Noun,3
867,부르노,Verb,3
868,셔틀버스,Noun,3
869,센트럴,Noun,3
870,적,Noun,3
871,세인트폴,Noun,3
872,크,Verb,3
873,길이,Noun,3
874,용법,Noun,3
875,안되네요,Adjective,3
876,무조건,Noun,3
877,들어갈,Verb,3
878,힘든가요,Adjective,3
879,세고비아,Noun,3
880,등록,Noun,3
881,힐리,Noun,3
882,성비,Noun,3
883,후기,Noun,3
884,적용,Noun,3
885,휴업,Noun,3
886,군데,Noun,3
887,홈페이지,Noun,3
888,오버,Noun,3
889,오스,Noun,3
890,선,Noun,3
891,경우,Noun,3
892,서유럽,Noun,3
893,궁,Noun,3
894,라면,Noun,3
895,목,Noun,3
896,라트,Noun,3
897,좋으셨나요,Adjective,3
898,탑승,Noun,3
899,티켓팅,Noun,3
900,그,Noun,3
901,타워,Noun,3
902,간단한,Adjective,3
903,모두,Noun,3
904,레미제라블,Noun,3
905,좋아요,Adjective,3
906,레이라,Noun,3
907,항운,Noun,3
908,상황,Noun,3
909,렌터카,Noun,3
910,종탑,Noun,3
911,트리,Noun,3
912,중단,Noun,3
913,살,Noun,3
914,오신,Noun,3
915,산타,Noun,3
916,산악,Noun,3
917,종일,Noun,3
918,며칠,Noun,3
919,메일,Noun,3
920,메르,Noun,3
921,있는데,Adjective,3
922,사전예약,Noun,3
923,있는지,Adjective,3
924,증명서,Noun,3
925,검사,Noun,3
926,가서,Verb,3
927,경로,Noun,3
928,멀티,Noun,3
929,키오,Noun,3
930,왕궁,Noun,3
931,트롬쇠,Noun,3
932,그렇게,Adverb,3
933,진짜,Noun,3
934,있을,Adjective,3
935,해결,Noun,3
936,짜,Verb,3
937,머,Noun,3
938,글,Noun,3
939,찍,Noun,3
940,자리,Noun,3
941,오케스트라,Noun,3
942,각각,Noun,3
943,해리,Noun,3
944,옷차림,Noun,3
945,글자,Noun,3
946,점심,Noun,3
947,비용,Noun,3
948,금지,Noun,3
949,르프,Noun,3
950,로커,Noun,3
951,추가,Noun,3
952,블루,Noun,3
953,추운가요,Verb,3
954,루체른,Noun,3
955,추울까,Verb,3
956,가보셨나요,Verb,3
957,많을까요,Adjective,3
958,올,Verb,3
959,크룩,Noun,3
960,출국,Noun,3
961,출발,Noun,3
962,불,Noun,3
963,아닌가요,Adjective,3
964,열까,Verb,3
965,아닌,Adjective,3
966,필하,Verb,3
967,기념품,Noun,3
968,썰매,Noun,3
969,아부다비,Noun,3
970,아비뇽,Noun,3
971,아스널,Noun,3
972,테네리페,Noun,3
973,아시나요,Verb,3
974,아우슈비츠,Noun,3
975,싶어요,Verb,3
976,카사,Verb,3
977,아웃렛,Noun,3
978,아이스링크,Noun,3
979,헬싱키,Noun,3
980,월요일,Noun,3
981,예보,Noun,3
982,피카딜리,Noun,3
983,나이,Noun,3
984,나이프,Noun,3
985,카운트,Noun,3
986,신년,Noun,3
987,위,Noun,3
988,까,Verb,3
989,피카,Noun,3
990,별장,Noun,3
991,위키드,Noun,3
992,날짜,Noun,3
993,제네바,Noun,3
994,내릴,Verb,3
995,프리,Noun,3
996,베드로,Noun,3
997,유니폼,Noun,3
998,포터,Noun,3
999,판매,Noun,3
1000,판도,Noun,3
1001,베,Noun,3
1002,폴,Noun,3
1003,닉,Noun,3
1004,원래,Noun,3
1005,건물,Noun,3
1006,백화점,Noun,3
1007,유명,Noun,3
1008,퐁피두,Noun,3
1009,다른,Noun,3
1010,프라이,Noun,3
1011,가,Verb,2
1012,가고,Verb,2
1013,가능한지요,Adjective,2
1014,가방,Noun,2
1015,가보고,Verb,2
1016,가봐라,Verb,2
1017,가셨던,Verb,2
1018,감사하겠습니다,Verb,2
1019,강,Noun,2
1020,같이,Adverb,2
1021,개관,Noun,2
1022,개시,Noun,2
1023,개장,Noun,2
1024,거점,Noun,2
1025,걱정,Noun,2
1026,건지,Verb,2
1027,걸리는,Verb,2
1028,걸어,Verb,2
1029,걸어서,Verb,2
1030,검색,Noun,2
1031,계단,Noun,2
1032,고딕,Noun,2
1033,교대,Noun,2
1034,구글맵,Noun,2
1035,구해,Noun,2
1036,국회의사당,Noun,2
1037,군,Noun,2
1038,궁금,Noun,2
1039,그날,Noun,2
1040,근위병,Noun,2
1041,급진,Noun,2
1042,급하게,Adjective,2
1043,급함,Adjective,2
1044,급합니다,Adjective,2
1045,급해요,Adjective,2
1046,기준,Noun,2
1047,기차역,Noun,2
1048,길거리,Noun,2
1049,길겐,Noun,2
1050,길까,Verb,2
1051,로맨틱,Noun,2
1052,로스트,Noun,2
1053,로카,Noun,2
1054,로카곶,Noun,2
1055,로프,Noun,2
1056,롤링,Noun,2
1057,루마니아,Noun,2
1058,루치아,Noun,2
1059,리버,Noun,2
1060,리버풀,Noun,2
1061,마르셀,Noun,2
1062,마스크,Noun,2
1063,막차,Noun,2
1064,많나요,Adjective,2
1065,많은가요,Adjective,2
1066,말펜,Noun,2
1067,말펜사,Noun,2
1068,맛있는,Adjective,2
1069,맞는,Verb,2
1070,맞는지,Verb,2
1071,맞죠,Verb,2
1072,맞춰서,Verb,2
1073,매직,Noun,2
1074,맥주,Noun,2
1075,멍,Noun,2
1076,면,Noun,2
1077,모르겠네요,Verb,2
1078,모르겠어요,Verb,2
1079,모바일,Noun,2
1080,모십니다,Verb,2
1081,몬테,Noun,2
1082,몰,Verb,2
1083,몽땅,Noun,2
1084,몽마르트,Noun,2
1085,몽파르,Noun,2
1086,무,Noun,2
1087,무스,Noun,2
1088,무어인,Noun,2
1089,무제한,Noun,2
1090,묵으시는,Verb,2
1091,묶어서,Verb,2
1092,문제,Noun,2
1093,문화,Noun,2
1094,물가,Noun,2
1095,물품,Noun,2
1096,뮈렌,Noun,2
1097,미만,Noun,2
1098,미셀,Noun,2
1099,믿을만한,Verb,2
1100,밀,Noun,2
1101,바트이슐,Noun,2
1102,받고,Verb,2
1103,받습니다,Verb,2
1104,받은,Verb,2
1105,발권,Noun,2
1106,밤늦게,Adjective,2
1107,방,Noun,2
1108,버킹엄,Noun,2
1109,베르,Noun,2
1110,베른,Noun,2
1111,변경,Noun,2
1112,보나,Noun,2
1113,보내는,Verb,2
1114,보려고,Verb,2
1115,보르도,Noun,2
1116,보면,Verb,2
1117,보수,Noun,2
1118,보일까,Verb,2
1119,복장,Noun,2
1120,볼거리,Noun,2
1121,볼로냐,Noun,2
1122,볼프강,Noun,2
1123,월드컵,Noun,2
1124,웬만한,Adjective,2
1125,위켄드,Noun,2
1126,유랑,Noun,2
1127,유료,Noun,2
1128,유적지,Noun,2
1129,음악,Noun,2
1130,이득,Noun,2
1131,이메일,Noun,2
1132,이면,Noun,2
1133,이상,Noun,2
1134,이유,Noun,2
1135,이틀,Noun,2
1136,이해,Noun,2
1137,일간,Noun,2
1138,일주일,Noun,2
1139,일차,Noun,2
1140,임시,Noun,2
1141,잇나요,Verb,2
1142,있다면,Adjective,2
1143,있음,Adjective,2
1144,자,Noun,2
1145,자연사,Noun,2
1146,장비,Noun,2
1147,장식,Noun,2
1148,저렴한,Adjective,2
1149,전망,Noun,2
1150,전시회,Noun,2
1151,전철,Noun,2
1152,정말,Noun,2
1153,정확히,Adjective,2
1154,제대로,Noun,2
1155,젠트,Noun,2
1156,조회,Noun,2
1157,종료,Noun,2
1158,좋은가요,Adjective,2
1159,좋을,Adjective,2
1160,주로,Noun,2
1161,주요,Noun,2
1162,주의,Noun,2
1163,준비,Noun,2
1164,파스타,Noun,2
1165,파티,Noun,2
1166,팔레,Noun,2
1167,팔마,Noun,2
1168,페리,Noun,2
1169,펜,Noun,2
1170,편이,Noun,2
1171,폐쇄,Noun,2
1172,포츠담,Noun,2
1173,폴로,Noun,2
1174,피,Noun,2
1175,피오르,Noun,2
1176,필라,Noun,2
1177,하나로,Noun,2
1178,하는지,Verb,2
1179,하려면,Verb,2
1180,하이랜드,Noun,2
1181,하죠,Verb,2
1182,하차,Noun,2
1183,한가지,Noun,2
1184,할게요,Verb,2
1185,할지,Verb,2
1186,함,Noun,2
1187,함부르크,Noun,2
1188,핫산,Noun,2
1189,해산물,Noun,2
1190,했습니다,Verb,2
1191,헹,Noun,2
1192,현금,Noun,2
1193,협곡,Noun,2
1194,호프,Noun,2
1195,화장실,Noun,2
1196,환전,Noun,2
1197,회원,Noun,2
1198,후회,Noun,2
1199,휴양지,Noun,2
1200,힘들겠죠,Adjective,2
1201,부당성,Noun,2
1202,부려,Verb,2
1203,불가리아,Noun,2
1204,뷰,Noun,2
1205,브릭레인,Noun,2
1206,블랙,Noun,2
1207,비슷한가요,Adjective,2
1208,비자,Noun,2
1209,비추인가요,Verb,2
1210,비행,Noun,2
1211,빅,Noun,2
1212,빅벤,Noun,2
1213,빌리지에서,Verb,2
1214,빗,Noun,2
1215,빠져나가나요,Verb,2
1216,빨간,Adjective,2
1217,쁘띠,Noun,2
1218,사,Noun,2
1219,사기,Noun,2
1220,사는,Verb,2
1221,사라고사,Noun,2
1222,사바트,Noun,2
1223,사실,Noun,2
1224,사원,Noun,2
1225,사이,Noun,2
1226,사전,Noun,2
1227,사탑,Noun,2
1228,사항,Noun,2
1229,산이,Noun,2
1230,산티아고,Noun,2
1231,상,Noun,2
1232,상점,Noun,2
1233,상태,Noun,2
1234,상품,Noun,2
1235,생가,Noun,2
1236,생각,Noun,2
1237,샤드,Noun,2
1238,샤르,Noun,2
1239,샤프베르크,Noun,2
1240,샹젤리제,Noun,2
1241,서로,Noun,2
1242,서비스,Noun,2
1243,선데이,Noun,2
1244,선생님,Noun,2
1245,설,Noun,2
1246,성모마리아,Noun,2
1247,성천,Noun,2
1248,성탄,Noun,2
1249,센,Verb,2
1250,센터,Noun,2
1251,셔틀,Noun,2
1252,소금,Noun,2
1253,소호,Noun,2
1254,손흥민,Noun,2
1255,쇤,Noun,2
1256,수도원,Noun,2
1257,수상,Noun,2
1258,수상택시,Noun,2
1259,순례,Noun,2
1260,슈,Noun,2
1261,스칼라,Noun,2
1262,스콘,Noun,2
1263,스타,Noun,2
1264,스타벅스,Noun,2
1265,스테이크,Noun,2
1266,스티,Noun,2
1267,스히,Noun,2
1268,슬로바키아,Noun,2
1269,시간표,Noun,2
1270,시계탑,Noun,2
1271,시인,Noun,2
1272,시체스,Noun,2
1273,시티투어,Noun,2
1274,신용카드,Noun,2
1275,신행,Noun,2
1276,심한가요,Adjective,2
1277,싶습니다,Verb,2
1278,싸고,Verb,2
1279,쓰는,Verb,2
1280,씨티카드,Noun,2
1281,아,Noun,2
1282,아르,Noun,2
1283,아말피,Noun,2
1284,아비,Noun,2
1285,아웃,Noun,2
1286,아침식사,Noun,2
1287,아카데메이아,Noun,2
1288,아쿠아,Noun,2
1289,꿀,Noun,2
1290,나갈,Verb,2
1291,나오나요,Verb,2
1292,나올까,Verb,2
1293,나이트,Noun,2
1294,남,Noun,2
1295,남아,Noun,2
1296,낮,Noun,2
1297,내셔널갤러리,Noun,2
1298,내용,Noun,2
1299,넘어서,Verb,2
1300,노선,Noun,2
1301,노섬,Noun,2
1302,노숙,Noun,2
1303,노을,Noun,2
1304,놀,Noun,2
1305,눈,Noun,2
1306,다닐,Verb,2
1307,다르나요,Adjective,2
1308,단풍,Noun,2
1309,달라,Noun,2
1310,달리,Noun,2
1311,대략,Noun,2
1312,대부분,Noun,2
1313,대체,Noun,2
1314,대학,Noun,2
1315,도와주실,Verb,2
1316,돌아다닐,Verb,2
1317,됐는데,Verb,2
1318,된,Verb,2
1319,됩니다,Verb,2
1320,두브로브니크,Noun,2
1321,둘러보는,Verb,2
1322,둘러보는데,Verb,2
1323,둘째,Noun,2
1324,들께,Verb,2
1325,들어가도,Verb,2
1326,등등,Noun,2
1327,디너,Noun,2
1328,딜리,Noun,2
1329,때리기,Verb,2
1330,때문,Noun,2
1331,라이브,Noun,2
1332,라임,Noun,2
1333,라파예트,Noun,2
1334,레알,Noun,2
1335,렌트,Noun,2
1336,려고,Noun,2
1337,중심,Noun,2
1338,중학생,Noun,2
1339,즈음,Noun,2
1340,증명사진,Noun,2
1341,지나,Noun,2
1342,지로나,Noun,2
1343,지베르,Noun,2
1344,지브롤터,Noun,2
1345,지연,Noun,2
1346,지하,Noun,2
1347,직관,Noun,2
1348,직접,Noun,2
1349,진입,Noun,2
1350,찍고,Verb,2
1351,차이,Noun,2
1352,찾습니다,Verb,2
1353,체스키크룸로프,Noun,2
1354,체크,Noun,2
1355,첼암제,Noun,2
1356,초콜릿,Noun,2
1357,촬영,Noun,2
1358,축구장,Noun,2
1359,출력,Noun,2
1360,충분할까,Adjective,2
1361,취소표,Noun,2
1362,치르,Verb,2
1363,카사바,Noun,2
1364,카타르,Noun,2
1365,카파도키아,Noun,2
1366,컵,Noun,2
1367,케임브리지,Noun,2
1368,콘월,Noun,2
1369,쿠폰,Noun,2
1370,크라쿠프,Noun,2
1371,크롬,Noun,2
1372,크림,Noun,2
1373,클,Verb,2
1374,킹스턴,Noun,2
1375,타기,Verb,2
1376,타나,Noun,2
1377,타러,Verb,2
1378,타려면,Verb,2
1379,타워브리지,Noun,2
1380,태그,Noun,2
1381,택,Noun,2
1382,테이,Noun,2
1383,투스,Noun,2
1384,튈르리,Noun,2
1385,튜브,Noun,2
1386,트레킹,Noun,2
1387,특파원,Noun,2
1388,팁,Noun,2
1389,파두,Noun,2
1390,안네,Verb,2
1391,안전,Noun,2
1392,알,Noun,2
1393,알사,Verb,2
1394,앤트워프,Noun,2
1395,앱,Noun,2
1396,야외,Noun,2
1397,어,Noun,2
1398,엄마,Noun,2
1399,없겠죠,Adjective,2
1400,에어로,Noun,2
1401,여기,Noun,2
1402,여긴,Verb,2
1403,연주회,Noun,2
1404,연초,Noun,2
1405,연휴,Noun,2
1406,열었나요,Verb,2
1407,오는데,Verb,2
1408,오래,Adverb,2
1409,오렌지,Noun,2
1410,오리엔트,Noun,2
1411,온,Noun,2
1412,온라인,Noun,2
1413,올려요,Verb,2
1414,와서,Verb,2
1415,와요,Verb,2
1416,용소,Noun,2
1417,워킹,Noun,2
1418,워털루,Noun,2
1419,부쿠레슈티,Noun,1
1420,재밌었던,Adjective,1
1421,재밌나요,Adjective,1
1422,부탁드릴게요,Adjective,1
1423,재미,Noun,1
1424,재래시장,Noun,1
1425,북,Noun,1
1426,장애인,Noun,1
1427,장보기,Noun,1
1428,북적,Noun,1
1429,장미,Noun,1
1430,분노,Noun,1
1431,분도,Noun,1
1432,장기로,Noun,1
1433,분실,Noun,1
1434,잡아야,Verb,1
1435,분이라는데,Verb,1
1436,분전,Noun,1
1437,분하는,Adjective,1
1438,잡기,Noun,1
1439,잡고,Noun,1
1440,불가능한가요,Adjective,1
1441,공연장,Noun,1
1442,잠깐,Noun,1
1443,잘못,Noun,1
1444,불편할까,Adjective,1
1445,붉,Adjective,1
1446,뷔르츠부르크,Noun,1
1447,잔액,Noun,1
1448,어딘지,Noun,1
1449,브라가,Noun,1
1450,브라이튼,Noun,1
1451,브런치,Noun,1
1452,브레,Noun,1
1453,브레아,Noun,1
1454,브루넬레스키,Noun,1
1455,잔,Noun,1
1456,브리튼,Noun,1
1457,공간,Noun,1
1458,브휸느,Noun,1
1459,곳도,Noun,1
1460,블랙프라이데이,Noun,1
1461,작일,Noun,1
1462,작은,Adjective,1
1463,자코파네,Noun,1
1464,비건,Noun,1
1465,비교,Noun,1
1466,비달,Noun,1
1467,자주,Noun,1
1468,비버,Noun,1
1469,비상,Noun,1
1470,비스트,Noun,1
1471,비슷한,Adjective,1
1472,어땠나요,Adjective,1
1473,비슷할까,Adjective,1
1474,비싼,Adjective,1
1475,비싼가요,Adjective,1
1476,비쌀까,Adjective,1
1477,비아,Noun,1
1478,자정,Noun,1
1479,비예,Noun,1
1480,비오,Verb,1
1481,자의,Noun,1
1482,비워야,Verb,1
1483,비율,Noun,1
1484,골프,Noun,1
1485,비지터,Noun,1
1486,어떠셨는지,Adjective,1
1487,비추하시나요,Verb,1
1488,비치,Noun,1
1489,비키니,Noun,1
1490,비투스,Noun,1
1491,어떠셨어요,Adjective,1
1492,자연,Noun,1
1493,어떠신,Adjective,1
1494,어떡하죠,Adjective,1
1495,빅토리아,Noun,1
1496,자매,Noun,1
1497,빌라,Noun,1
1498,빌레,Noun,1
1499,자마자,Noun,1
1500,곤돌라,Noun,1
1501,빌릴,Verb,1
1502,빌바오,Noun,1
1503,어떤지,Adjective,1
1504,빙거,Noun,1
1505,빛,Noun,1
1506,빠에야,Noun,1
1507,고풍,Noun,1
1508,빡빡,Noun,1
1509,빡세,Noun,1
1510,고양이,Noun,1
1511,빨리,Adverb,1
1512,빵집,Noun,1
1513,빼도,Verb,1
1514,뺀다면,Verb,1
1515,뺏긴,Verb,1
1516,어려운,Adjective,1
1517,어려워요,Adjective,1
1518,어렵나요,Adjective,1
1519,사놓은,Verb,1
1520,어렵네요,Adjective,1
1521,사는데,Verb,1
1522,사두,Noun,1
1523,고비,Noun,1
1524,사라졌나요,Verb,1
1525,자그레브,Noun,1
1526,잊을,Verb,1
1527,사리,Noun,1
1528,있었나요,Adjective,1
1529,사바,Noun,1
1530,어머니,Noun,1
1531,사본,Noun,1
1532,사서,Noun,1
1533,사성,Noun,1
1534,사시나요,Verb,1
1535,어제,Noun,1
1536,있어야,Adjective,1
1537,있어서요,Adjective,1
1538,사우나,Noun,1
1539,사우디,Noun,1
1540,고를,Verb,1
1541,고고학,Noun,1
1542,있다고,Adjective,1
1543,사이프러스,Noun,1
1544,사장,Noun,1
1545,고견,Noun,1
1546,있는데요,Adjective,1
1547,있는대요,Adjective,1
1548,고가,Noun,1
1549,사하라,Noun,1
1550,고,Noun,1
1551,있는다면,Adjective,1
1552,산다,Noun,1
1553,있기,Adjective,1
1554,계절,Noun,1
1555,산책,Noun,1
1556,잇습니다,Verb,1
1557,산타마리아,Noun,1
1558,산토리니,Noun,1
1559,우드,Noun,1
1560,입출국,Noun,1
1561,입으면,Verb,1
1562,살바도르,Noun,1
1563,살수,Noun,1
1564,살이,Noun,1
1565,샀는데,Verb,1
1566,샀는데요,Verb,1
1567,엄창,Noun,1
1568,상관없나요,Adjective,1
1569,상관없이,Adjective,1
1570,엄청,Adverb,1
1571,계십니까,Adjective,1
1572,우디,Noun,1
1573,입어야,Verb,1
1574,입성,Noun,1
1575,입력,Noun,1
1576,입국심사,Noun,1
1577,계신가요,Adjective,1
1578,없네요,Adjective,1
1579,생긴,Verb,1
1580,생미셸,Noun,1
1581,생애,Noun,1
1582,입구,Noun,1
1583,임산부,Noun,1
1584,생활,Noun,1
1585,계시,Noun,1
1586,없는가요,Adjective,1
1587,잃어버렸는데,Verb,1
1588,샤를루아,Noun,1
1589,읽은,Verb,1
1590,읽고,Verb,1
1591,샤틀레역,Noun,1
1592,샤틀리,Noun,1
1593,일출,Noun,1
1594,계산,Noun,1
1595,없어,Adjective,1
1596,서,Verb,1
1597,서기,Noun,1
1598,서나,Noun,1
1599,서도,Noun,1
1600,없으면,Adjective,1
1601,서류,Noun,1
1602,없으신,Adjective,1
1603,일종,Noun,1
1604,서핑,Noun,1
1605,일자,Noun,1
1606,계곡,Noun,1
1607,선배,Noun,1
1608,경험,Noun,1
1609,선셋,Noun,1
1610,선착장,Noun,1
1611,일일,Noun,1
1612,없이는,Adjective,1
1613,설치,Noun,1
1614,일어,Noun,1
1615,일부,Noun,1
1616,성공해,Adjective,1
1617,성과,Noun,1
1618,일본,Noun,1
1619,성도,Noun,1
1620,없죠,Adjective,1
1621,일만,Noun,1
1622,성전,Noun,1
1623,없지만,Adjective,1
1624,경찰,Noun,1
1625,일로,Noun,1
1626,일도,Noun,1
1627,세르비아,Noun,1
1628,세미,Noun,1
1629,일기예보,Noun,1
1630,세비,Noun,1
1631,인파,Noun,1
1632,세이,Noun,1
1633,인터넷,Noun,1
1634,인터,Noun,1
1635,인천,Noun,1
1636,세트,Noun,1
1637,겸,Noun,1
1638,센강,Noun,1
1639,센스,Noun,1
1640,에스카르고,Noun,1
1641,인지,Noun,1
1642,셀리나,Noun,1
1643,셀주크,Noun,1
1644,셀카,Noun,1
1645,셀프,Noun,1
1646,에스컬레이터,Noun,1
1647,인증,Noun,1
1648,인이요,Verb,1
1649,셰어,Noun,1
1650,인원,Noun,1
1651,소가,Noun,1
1652,소개,Noun,1
1653,소규모,Noun,1
1654,에스토니아,Noun,1
1655,소년,Noun,1
1656,인쇄,Noun,1
1657,소등,Noun,1
1658,인생,Noun,1
1659,소리,Noun,1
1660,인공,Noun,1
1661,소문자,Noun,1
1662,소소한,Adjective,1
1663,소식,Noun,1
1664,익일,Noun,1
1665,이탈,Noun,1
1666,소피아,Noun,1
1667,에스프레소,Noun,1
1668,이집트,Noun,1
1669,속,Noun,1
1670,손해,Noun,1
1671,에어,Noun,1
1672,솔덴,Noun,1
1673,송,Noun,1
1674,우리나라,Noun,1
1675,이지,Noun,1
1676,쇼핑,Noun,1
1677,이중,Noun,1
1678,숏,Noun,1
1679,이제,Noun,1
1680,수기,Noun,1
1681,이전,Noun,1
1682,에티하드,Noun,1
1683,수령,Noun,1
1684,수로,Noun,1
1685,수리,Noun,1
1686,결재,Noun,1
1687,겨주세요,Verb,1
1688,수시,Noun,1
1689,수역,Noun,1
1690,이의,Noun,1
1691,수프,Noun,1
1692,수하물,Noun,1
1693,이용문,Noun,1
1694,에피,Noun,1
1695,순위,Noun,1
1696,순환버스,Noun,1
1697,술,Noun,1
1698,쉬겠죠,Verb,1
1699,쉬나요,Verb,1
1700,쉬울까,Verb,1
1701,쉴까,Verb,1
1702,엘,Noun,1
1703,이용권,Noun,1
1704,이어폰,Noun,1
1705,슈테판,Noun,1
1706,이슬,Noun,1
1707,슈퍼,Noun,1
1708,슈퍼마켓,Noun,1
1709,이스,Noun,1
1710,스노보드,Noun,1
1711,스르,Noun,1
1712,이슈,Noun,1
1713,이센스,Noun,1
1714,이쁠까,Adjective,1
1715,겨울철,Noun,1
1716,스캔,Noun,1
1717,이뻤던,Adjective,1
1718,스케줄,Noun,1
1719,이비자,Noun,1
1720,엘베,Noun,1
1721,이발로,Noun,1
1722,이리,Adverb,1
1723,겠지요,Verb,1
1724,이렇게만,Adjective,1
1725,겔머반,Noun,1
1726,스탠,Noun,1
1727,스탠딩,Noun,1
1728,우미,Noun,1
1729,스토어,Noun,1
1730,이럴까,Adjective,1
1731,스톤헨지,Noun,1
1732,이러면,Verb,1
1733,스트,Noun,1
1734,이동해,Noun,1
1735,스트리트,Noun,1
1736,여기는,Verb,1
1737,이내,Noun,1
1738,이글스,Noun,1
1739,스포츠,Noun,1
1740,이건,Noun,1
1741,스프,Noun,1
1742,의지,Noun,1
1743,가려는데요,Verb,1
1744,게스트,Noun,1
1745,의미,Noun,1
1746,승인,Noun,1
1747,승차권,Noun,1
1748,승합차,Noun,1
1749,의무,Noun,1
1750,시가지,Noun,1
1751,시각,Noun,1
1752,은행,Noun,1
1753,시간권,Noun,1
1754,은색,Noun,1
1755,걸을까요,Verb,1
1756,시계,Noun,1
1757,걸어야,Verb,1
1758,융,Noun,1
1759,유흥,Noun,1
1760,유유,Noun,1
1761,시도,Noun,1
1762,시라쿠사,Noun,1
1763,시럽,Noun,1
1764,유용한,Adjective,1
1765,시스코,Noun,1
1766,유모차,Noun,1
1767,시스템,Noun,1
1768,시에나,Noun,1
1769,시엔,Noun,1
1770,시위,Noun,1
1771,걸어갈,Verb,1
1772,유명한지요,Adjective,1
1773,시점,Noun,1
1774,유리한가요,Adjective,1
1775,시차,Noun,1
1776,시청,Noun,1
1777,여섯시,Noun,1
1778,유럽인,Noun,1
1779,유니크,Noun,1
1780,윈즈,Noun,1
1781,여소,Noun,1
1782,위스키,Noun,1
1783,식료품,Noun,1
1784,식사,Noun,1
1785,웸블리,Noun,1
1786,신발,Noun,1
1787,신분,Noun,1
1788,신용,Noun,1
1789,걸어가도,Verb,1
1790,웨스트민스터,Noun,1
1791,웨벌리역,Noun,1
1792,여쭈어요,Verb,1
1793,월일,Noun,1
1794,실,Noun,1
1795,실외,Noun,1
1796,실패,Noun,1
1797,실패하면,Adjective,1
1798,심심해요,Adjective,1
1799,심야,Noun,1
1800,심야버스,Noun,1
1801,여쭙습니다,Verb,1
1802,싱글,Noun,1
1803,걸어가는,Verb,1
1804,싶어서,Verb,1
1805,월넷,Noun,1
1806,봐야,Verb,1
1807,여학생,Noun,1
1808,싸움,Noun,1
1809,싼,Verb,1
1810,싼가요,Verb,1
1811,쌩초,Noun,1
1812,써도,Verb,1
1813,볼차노,Noun,1
1814,쏠,Noun,1
1815,쓰,Verb,1
1816,걸려,Verb,1
1817,쓰려면,Verb,1
1818,쓸,Verb,1
1819,씨,Noun,1
1820,여행사,Noun,1
1821,씩,Adverb,1
1822,씻을,Verb,1
1823,건,Noun,1
1824,아기,Noun,1
1825,아노,Verb,1
1826,볼리,Verb,1
1827,아니었나요,Adjective,1
1828,볼까,Verb,1
1829,본점,Noun,1
1830,본다면,Verb,1
1831,아동,Noun,1
1832,아란,Noun,1
1833,아레나,Noun,1
1834,거주,Noun,1
1835,아르떼,Noun,1
1836,아르셀로미탈,Noun,1
1837,연,Noun,1
1838,아무,Noun,1
1839,아무래도,Adverb,1
1840,아베이루,Noun,1
1841,복잡할까,Adjective,1
1842,연결,Noun,1
1843,복불복,Noun,1
1844,아쉽나요,Adjective,1
1845,보증금,Noun,1
1846,보주세요,Verb,1
1847,보조,Noun,1
1848,아시시,Noun,1
1849,보이용,Verb,1
1850,보이,Noun,1
1851,아울렛,Noun,1
1852,연도,Noun,1
1853,보여줘도,Verb,1
1854,보안관,Noun,1
1855,아이브,Noun,1
1856,보시나요,Verb,1
1857,보스니아,Noun,1
1858,아이언,Noun,1
1859,아일랜드,Noun,1
1860,아주머니,Noun,1
1861,아줌마,Noun,1
1862,보배,Noun,1
1863,보로,Noun,1
1864,거절,Noun,1
1865,연주,Noun,1
1866,아카데미,Noun,1
1867,우산,Noun,1
1868,아토,Noun,1
1869,아트워크,Noun,1
1870,아폴로,Noun,1
1871,악기,Noun,1
1872,악화,Noun,1
1873,보려는데,Verb,1
1874,꺼짐,Verb,1
1875,보려,Verb,1
1876,꼴,Noun,1
1877,꽃,Noun,1
1878,꽃집,Noun,1
1879,꽉,Noun,1
1880,꾸며놓은,Verb,1
1881,연체,Noun,1
1882,끊기는,Verb,1
1883,끊었는데,Verb,1
1884,끊으면,Verb,1
1885,끌,Noun,1
1886,끕니까,Verb,1
1887,끝,Noun,1
1888,끝나고,Verb,1
1889,끝나나요,Verb,1
1890,끝났으려나,Verb,1
1891,보드,Noun,1
1892,나가고,Verb,1
1893,나가는,Verb,1
1894,나가려면,Verb,1
1895,나가면,Verb,1
1896,나간,Verb,1
1897,우역,Noun,1
1898,보다,Verb,1
1899,나로,Noun,1
1900,나보나,Noun,1
1901,보낼,Verb,1
1902,보내셨던,Verb,1
1903,나비스,Noun,1
1904,나사,Noun,1
1905,나서,Verb,1
1906,보내세요,Verb,1
1907,가려,Verb,1
1908,나오는,Verb,1
1909,나오는데,Verb,1
1910,나올,Verb,1
1911,열,Noun,1
1912,나은가요,Verb,1
1913,보내기,Verb,1
1914,나을지,Verb,1
1915,보내,Verb,1
1916,나이키,Noun,1
1917,거의,Noun,1
1918,보나파르트,Noun,1
1919,나일강,Noun,1
1920,나중,Noun,1
1921,별,Noun,1
1922,낙소스,Noun,1
1923,변,Noun,1
1924,벽,Noun,1
1925,날이네요,Verb,1
1926,벨베데레,Noun,1
1927,열리나요,Verb,1
1928,남는,Verb,1
1929,남는데,Verb,1
1930,벨렝,Noun,1
1931,우회,Noun,1
1932,남쪽,Noun,1
1933,남편,Noun,1
1934,낫겠지요,Verb,1
1935,낫나요,Verb,1
1936,열었죠,Verb,1
1937,벨렘,Noun,1
1938,내내,Noun,1
1939,벨레스,Noun,1
1940,내는,Verb,1
1941,내려서,Verb,1
1942,내려오는,Verb,1
1943,내리나요,Verb,1
1944,내리는,Verb,1
1945,벤트,Noun,1
1946,베흐동,Noun,1
1947,베지테,Verb,1
1948,거울,Noun,1
1949,거나,Noun,1
1950,베아투스,Noun,1
1951,베스트,Noun,1
1952,베수,Verb,1
1953,넘어가는,Verb,1
1954,넘어가는데요,Verb,1
1955,영수증,Noun,1
1956,넘어서도,Verb,1
1957,넣어야,Verb,1
1958,베리,Noun,1
1959,베르히테스가덴,Noun,1
1960,네스트,Noun,1
1961,베르크,Noun,1
1962,네타,Noun,1
1963,베르몽,Noun,1
1964,베르나르,Noun,1
1965,노던,Verb,1
1966,노르,Noun,1
1967,베나질,Verb,1
1968,노바,Noun,1
1969,노보텔,Noun,1
1970,영시기,Noun,1
1971,노선도,Noun,1
1972,영어,Noun,1
1973,거기,Noun,1
1974,영향,Noun,1
1975,노트르담,Noun,1
1976,노행,Noun,1
1977,예,Noun,1
1978,놀고,Verb,1
1979,놀다가,Verb,1
1980,놀이기구,Noun,1
1981,놓침,Verb,1
1982,놔도,Verb,1
1983,베나길,Verb,1
1984,누에,Noun,1
1985,갭이,Verb,1
1986,눈물,Noun,1
1987,눈썰매,Noun,1
1988,뉘른,Noun,1
1989,벚꽃,Noun,1
1990,뉴욕,Noun,1
1991,느낄,Verb,1
1992,벌금,Noun,1
1993,는,Verb,1
1994,능,Noun,1
1995,번만,Noun,1
1996,늦게까지,Verb,1
1997,늦게까지도,Verb,1
1998,버튼,Noun,1
1999,버트램,Noun,1
2000,니나,Noun,1
2001,버드,Noun,1
2002,니에미,Noun,1
2003,니코시아,Noun,1
2004,버거,Noun,1
2005,백야,Noun,1
2006,다나,Noun,1
2007,다녀갈만,Verb,1
2008,다녀야,Verb,1
2009,다녀오고,Verb,1
2010,다녀오기,Verb,1
2011,다녀오려고,Verb,1
2012,다녀오시거나,Verb,1
2013,백,Noun,1
2014,다녀올까,Verb,1
2015,배터리,Noun,1
2016,다니며,Verb,1
2017,다니면,Verb,1
2018,갭에,Verb,1
2019,예쁘게,Adjective,1
2020,배낭,Noun,1
2021,배,Noun,1
2022,방한,Noun,1
2023,다섯시,Noun,1
2024,다시,Noun,1
2025,다운로드,Noun,1
2026,밤베르크,Noun,1
2027,다이닝,Noun,1
2028,밤늦게도,Adjective,1
2029,발렌시아,Noun,1
2030,단체,Noun,1
2031,개찰구,Noun,1
2032,받을,Verb,1
2033,닫는,Verb,1
2034,닫는데요,Verb,1
2035,닫았나요,Verb,1
2036,받으신,Verb,1
2037,받던데,Verb,1
2038,예쁜가요,Adjective,1
2039,개인,Noun,1
2040,담,Noun,1
2041,당,Noun,1
2042,당연히,Adjective,1
2043,받는,Verb,1
2044,반입,Noun,1
2045,당장,Noun,1
2046,당황,Noun,1
2047,반대,Noun,1
2048,대구,Noun,1
2049,반갑습니다,Adjective,1
2050,개월,Noun,1
2051,개면,Verb,1
2052,대산,Noun,1
2053,밖,Noun,1
2054,박할,Adjective,1
2055,대용,Noun,1
2056,박이면,Verb,1
2057,개다,Verb,1
2058,오고,Verb,1
2059,박싱데이,Noun,1
2060,대한항공,Noun,1
2061,박시,Verb,1
2062,대형,Noun,1
2063,댈,Verb,1
2064,댓글,Noun,1
2065,박람회,Noun,1
2066,바티칸시티,Noun,1
2067,던데,Noun,1
2068,바코드,Noun,1
2069,데리,Noun,1
2070,데리고는,Verb,1
2071,데우오리,Verb,1
2072,바스티유,Noun,1
2073,데코,Noun,1
2074,바스,Noun,1
2075,바보,Noun,1
2076,도,Noun,1
2077,도르,Verb,1
2078,바리,Noun,1
2079,바르,Verb,1
2080,바로크,Noun,1
2081,도와주시면,Verb,1
2082,같은데,Adjective,1
2083,바랍니다,Verb,1
2084,바다,Noun,1
2085,도통,Noun,1
2086,도하,Noun,1
2087,바뀐,Verb,1
2088,돈,Noun,1
2089,바꿔주나요,Verb,1
2090,돌고래,Noun,1
2091,돌아다녀도,Verb,1
2092,같고,Adjective,1
2093,돗자리,Noun,1
2094,동굴,Noun,1
2095,동물원,Noun,1
2096,동부,Noun,1
2097,바깥,Noun,1
2098,바가지,Noun,1
2099,미티,Noun,1
2100,동일하게,Adjective,1
2101,동전,Noun,1
2102,미치겠어요,Adjective,1
2103,돼,Verb,1
2104,미운,Verb,1
2105,가라마라,Verb,1
2106,됐어요,Verb,1
2107,됐으면,Verb,1
2108,되거나,Verb,1
2109,미어,Adjective,1
2110,미쉘,Noun,1
2111,미성년,Noun,1
2112,되는데요,Verb,1
2113,되는지요,Verb,1
2114,되면,Verb,1
2115,되세요,Verb,1
2116,되어서,Verb,1
2117,되어있나요,Verb,1
2118,되었는데,Verb,1
2119,되었는데요,Verb,1
2120,강전,Noun,1
2121,된다,Verb,1
2122,된다는데,Verb,1
2123,미로,Noun,1
2124,될는지요,Verb,1
2125,강아지,Noun,1
2126,미레이,Noun,1
2127,두고,Verb,1
2128,미라,Noun,1
2129,강수량,Noun,1
2130,미,Adjective,1
2131,운전,Noun,1
2132,운터,Noun,1
2133,강력,Noun,1
2134,뮤슈,Noun,1
2135,뒤셀도르프,Noun,1
2136,뮤렌,Noun,1
2137,물씬,Noun,1
2138,드니,Noun,1
2139,드라이브,Noun,1
2140,물랭루주,Noun,1
2141,드려,Verb,1
2142,물건,Noun,1
2143,드론,Noun,1
2144,드리는,Verb,1
2145,드릴게요,Verb,1
2146,드림,Noun,1
2147,문구,Noun,1
2148,듣고,Verb,1
2149,듣는,Verb,1
2150,묶음,Noun,1
2151,묵고,Noun,1
2152,갔다가,Verb,1
2153,들어,Verb,1
2154,오르,Verb,1
2155,무얼,Noun,1
2156,들어왔어요,Verb,1
2157,들었는데,Verb,1
2158,들을,Verb,1
2159,들을만한,Verb,1
2160,무어,Noun,1
2161,오르는,Verb,1
2162,무섭나요,Adjective,1
2163,디,Noun,1
2164,오르비,Noun,1
2165,디스커버,Noun,1
2166,디어,Noun,1
2167,디종,Noun,1
2168,무서운,Adjective,1
2169,무리겠죠,Adjective,1
2170,오르비에토,Noun,1
2171,따뜻한,Adjective,1
2172,따라,Verb,1
2173,묘지,Noun,1
2174,딱,Adverb,1
2175,딸,Noun,1
2176,몽주,Noun,1
2177,값,Noun,1
2178,감자,Noun,1
2179,때울,Verb,1
2180,땐,Noun,1
2181,떠요,Verb,1
2182,떨어지면,Verb,1
2183,떴어요,Verb,1
2184,떼,Noun,1
2185,몽설,Noun,1
2186,몽생,Noun,1
2187,몽샐,Noun,1
2188,똑같은,Adjective,1
2189,똑같을까요,Adjective,1
2190,뜨고,Verb,1
2191,뜨기,Verb,1
2192,뜨네요,Verb,1
2193,뜨요,Verb,1
2194,띄는,Verb,1
2195,라겐,Noun,1
2196,목요일,Noun,1
2197,라데팡스,Noun,1
2198,라따뚜이,Noun,1
2199,라라,Noun,1
2200,라르,Noun,1
2201,라리가,Noun,1
2202,라마,Noun,1
2203,목록,Noun,1
2204,라발,Noun,1
2205,라벤더,Noun,1
2206,라보엠,Noun,1
2207,라이,Noun,1
2208,가능할,Adjective,1
2209,라이스,Noun,1
2210,라이언에어,Noun,1
2211,모차르트,Noun,1
2212,모이시,Verb,1
2213,라인강,Noun,1
2214,갈수,Noun,1
2215,라크,Noun,1
2216,모역,Noun,1
2217,갈려,Verb,1
2218,락블,Noun,1
2219,란,Noun,1
2220,람페두사,Noun,1
2221,랍스터,Noun,1
2222,래퍼드,Noun,1
2223,랜더,Noun,1
2224,모양,Noun,1
2225,랜드마크,Noun,1
2226,러그,Noun,1
2227,러브,Noun,1
2228,런,Noun,1
2229,모습,Noun,1
2230,모랑,Noun,1
2231,레노,Noun,1
2232,레드,Noun,1
2233,모던,Noun,1
2234,레베카,Noun,1
2235,모네,Noun,1
2236,갈라는데,Verb,1
2237,레오나르도,Noun,1
2238,모나코,Noun,1
2239,레이나,Noun,1
2240,모나리자,Noun,1
2241,레일,Noun,1
2242,명품,Noun,1
2243,오스나브뤼크,Noun,1
2244,렌페,Noun,1
2245,간식,Noun,1
2246,로렌,Noun,1
2247,명가,Noun,1
2248,중계,Noun,1
2249,면허증,Noun,1
2250,중복,Noun,1
2251,멤버십,Noun,1
2252,오슬로,Noun,1
2253,중심부,Noun,1
2254,메디치,Noun,1
2255,중이,Noun,1
2256,중인,Noun,1
2257,중지,Noun,1
2258,간단하게,Adjective,1
2259,쥬리,Noun,1
2260,오웰,Noun,1
2261,즐기기,Verb,1
2262,즐길지,Verb,1
2263,간가요,Verb,1
2264,멋진,Adjective,1
2265,지,Verb,1
2266,멋있나요,Adjective,1
2267,먼가요,Adjective,1
2268,각인,Noun,1
2269,지나가는,Verb,1
2270,지는,Verb,1
2271,지도,Noun,1
2272,오타,Noun,1
2273,지루할까,Adjective,1
2274,지름길,Noun,1
2275,지리,Noun,1
2276,가치,Noun,1
2277,지베르니,Noun,1
2278,가츠,Noun,1
2279,지속,Noun,1
2280,먹을까요,Verb,1
2281,먹으려고,Verb,1
2282,가지는데,Verb,1
2283,지잖아요,Verb,1
2284,지정,Noun,1
2285,지터,Noun,1
2286,가족,Noun,1
2287,먹어도,Verb,1
2288,지하철도,Noun,1
2289,지하철역,Noun,1
2290,움직여야,Verb,1
2291,직원,Noun,1
2292,온도,Noun,1
2293,가나,Noun,1
2294,먹어,Verb,1
2295,먹듯,Noun,1
2296,먹거리,Noun,1
2297,짊분,Noun,1
2298,머물며,Verb,1
2299,머무를,Verb,1
2300,집결,Noun,1
2301,집이라는데,Verb,1
2302,머무는데,Verb,1
2303,짜는,Verb,1
2304,짠,Verb,1
2305,짧은,Adjective,1
2306,맥줏집,Noun,1
2307,매진이네요,Verb,1
2308,매진,Noun,1
2309,가입,Noun,1
2310,찍나요,Verb,1
2311,찍는,Verb,1
2312,찍어,Verb,1
2313,찍어서,Verb,1
2314,찍혀요,Verb,1
2315,찍힌,Verb,1
2316,찐,Verb,1
2317,매장,Noun,1
2318,차량,Noun,1
2319,차역,Noun,1
2320,가이즈,Noun,1
2321,착석,Noun,1
2322,착용,Noun,1
2323,찬,Noun,1
2324,매월,Noun,1
2325,참사,Noun,1
2326,참여,Noun,1
2327,찾고,Verb,1
2328,찾기,Noun,1
2329,찾나요,Verb,1
2330,올까,Verb,1
2331,찾아가니까,Verb,1
2332,찾을,Verb,1
2333,채널,Noun,1
2334,채석장,Noun,1
2335,챙겨가야,Verb,1
2336,챙겨야,Verb,1
2337,챙겼는데,Verb,1
2338,매,Noun,1
2339,처가,Noun,1
2340,맡나요,Verb,1
2341,처치,Noun,1
2342,천,Noun,1
2343,천사,Noun,1
2344,철도,Noun,1
2345,맡기기,Verb,1
2346,맡기고,Verb,1
2347,맡겨,Verb,1
2348,맞춰가야,Verb,1
2349,체감,Noun,1
2350,올드,Noun,1
2351,맞춰,Verb,1
2352,맞으며,Verb,1
2353,올듯,Verb,1
2354,체크아웃,Noun,1
2355,체크카드,Noun,1
2356,체험,Noun,1
2357,첼시,Noun,1
2358,올라가,Verb,1
2359,맞겠죠,Verb,1
2360,초등,Noun,1
2361,망,Noun,1
2362,초반,Noun,1
2363,올라가고,Verb,1
2364,촉박할까,Adjective,1
2365,올라가나요,Verb,1
2366,촬영기,Noun,1
2367,맛짐,Noun,1
2368,맛있나요,Adjective,1
2369,말코,Noun,1
2370,말인데요,Verb,1
2371,말아야,Verb,1
2372,말고요,Verb,1
2373,추크,Noun,1
2374,추하는,Adjective,1
2375,만원,Noun,1
2376,올라가도,Verb,1
2377,축일,Noun,1
2378,만성절,Noun,1
2379,만들,Verb,1
2380,출동,Noun,1
2381,올라가려면,Verb,1
2382,만나러,Verb,1
2383,출입,Noun,1
2384,막힌,Verb,1
2385,충분하겠죠,Adjective,1
2386,올라가면,Verb,1
2387,충분히,Adjective,1
2388,막혀있어요,Verb,1
2389,막무가내,Noun,1
2390,막달레나,Noun,1
2391,올라가야,Verb,1
2392,츠,Noun,1
2393,층,Noun,1
2394,마지노선,Noun,1
2395,치기,Noun,1
2396,치니,Verb,1
2397,올라갈,Verb,1
2398,치시네,Verb,1
2399,치아,Noun,1
2400,치아노,Noun,1
2401,마조레,Noun,1
2402,치암,Noun,1
2403,친구,Noun,1
2404,친퀘,Noun,1
2405,마인츠,Noun,1
2406,침볼,Noun,1
2407,카니발,Noun,1
2408,마인,Noun,1
2409,카디자,Noun,1
2410,카레,Noun,1
2411,마이,Noun,1
2412,카르스,Noun,1
2413,마을,Noun,1
2414,워터,Noun,1
2415,마실,Verb,1
2416,마스터카드,Noun,1
2417,카이세리,Noun,1
2418,카잔,Noun,1
2419,올림픽,Noun,1
2420,마스터,Noun,1
2421,올립니다,Verb,1
2422,마스,Noun,1
2423,카프,Noun,1
2424,카프리섬,Noun,1
2425,칼,Noun,1
2426,칼레,Noun,1
2427,캄포,Noun,1
2428,캄푸,Noun,1
2429,마사지,Noun,1
2430,캐,Noun,1
2431,캐나다,Noun,1
2432,캐리,Noun,1
2433,마법,Noun,1
2434,캠퍼스,Noun,1
2435,캠핑,Noun,1
2436,마마,Noun,1
2437,커피집,Noun,1
2438,가을,Noun,1
2439,케,Noun,1
2440,케스톨렌,Noun,1
2441,마리,Noun,1
2442,옷,Noun,1
2443,켜나요,Verb,1
2444,켜져,Verb,1
2445,켜지나요,Verb,1
2446,켜지는,Verb,1
2447,켜지는지,Verb,1
2448,마르코니,Noun,1
2449,코드,Noun,1
2450,코로나,Noun,1
2451,마르,Noun,1
2452,코르키,Noun,1
2453,마롱,Noun,1
2454,코인,Noun,1
2455,마라케시,Noun,1
2456,마그리트,Noun,1
2457,코트다쥐르,Noun,1
2458,코펜,Noun,1
2459,마구마구,Adverb,1
2460,코프,Noun,1
2461,콘서트,Noun,1
2462,콘센트,Noun,1
2463,가에서,Verb,1
2464,마구,Noun,1
2465,마거릿,Noun,1
2466,립,Noun,1
2467,린턴,Noun,1
2468,콰트로,Noun,1
2469,쾨,Noun,1
2470,리프트,Noun,1
2471,쿠라,Noun,1
2472,쿠토,Noun,1
2473,가실,Verb,1
2474,리츠,Noun,1
2475,쿱,Noun,1
2476,큐어,Noun,1
2477,리얼,Noun,1
2478,리안,Noun,1
2479,크게,Noun,1
2480,크기,Noun,1
2481,크라,Verb,1
2482,뷔페,Noun,1
2483,크렘,Noun,1
2484,크로스컨트리,Noun,1
2485,리베,Noun,1
2486,와에,Verb,1
2487,리나,Noun,1
2488,르,Noun,1
2489,류블랴나,Noun,1
2490,류,Noun,1
2491,뤼베크,Noun,1
2492,크리스마스트리,Noun,1
2493,가능하나요,Adjective,1
2494,크인,Verb,1
2495,루턴,Noun,1
2496,와이어,Noun,1
2497,클럽,Noun,1
2498,클레,Noun,1
2499,클로티드,Noun,1
2500,키,Noun,1
2501,키루나,Noun,1
2502,루이스,Noun,1
2503,루이비통,Noun,1
2504,킥,Noun,1
2505,루아르,Noun,1
2506,와플,Noun,1
2507,루,Noun,1
2508,왔네요,Verb,1
2509,가시나요,Verb,1
2510,료,Noun,1
2511,타노는,Verb,1
2512,로포텐,Noun,1
2513,타는데,Verb,1
2514,타던,Verb,1
2515,타란,Verb,1
2516,타래,Noun,1
2517,왔는데요,Verb,1
2518,왔어요,Verb,1
2519,타면,Verb,1
2520,로테,Noun,1
2521,타운,Noun,1
2522,로만,Noun,1
2523,가세,Noun,1
2524,타파스,Noun,1
2525,까막눈,Noun,1
2526,탈까,Verb,1
2527,탈수,Noun,1
2528,탈지,Noun,1
2529,까르푸,Noun,1
2530,까르네로,Noun,1
2531,탔는데,Verb,1
2532,왕립,Noun,1
2533,가사,Noun,1
2534,깁니다,Verb,1
2535,길게,Adjective,1
2536,터지게,Verb,1
2537,긴급,Noun,1
2538,기차표,Noun,1
2539,기실,Adverb,1
2540,기상예보,Noun,1
2541,테니스,Noun,1
2542,테드,Noun,1
2543,테라스,Noun,1
2544,테러,Noun,1
2545,기상,Noun,1
2546,테르미,Noun,1
2547,테르미니,Noun,1
2548,테오,Noun,1
2549,왕왕,Noun,1
2550,텔,Noun,1
2551,템스강,Noun,1
2552,기다리면서,Verb,1
2553,토리노,Noun,1
2554,토스,Noun,1
2555,기다리며,Verb,1
2556,기다려야,Verb,1
2557,기념일,Noun,1
2558,기나요,Verb,1
2559,톱,Noun,1
2560,통,Noun,1
2561,통제,Noun,1
2562,금,Noun,1
2563,통해,Noun,1
2564,퇴근,Noun,1
2565,퇼르리,Noun,1
2566,투,Noun,1
2567,투데이,Noun,1
2568,투르,Noun,1
2569,가봤는데,Verb,1
2570,글씨,Noun,1
2571,툰,Noun,1
2572,튀김,Noun,1
2573,튀빙겐,Noun,1
2574,글로벌,Noun,1
2575,외,Noun,1
2576,외관,Noun,1
2577,튠,Noun,1
2578,글래스고,Noun,1
2579,글라이드,Noun,1
2580,글라이더,Noun,1
2581,근방,Noun,1
2582,그리니치,Noun,1
2583,트럼,Noun,1
2584,트레,Noun,1
2585,그룹,Noun,1
2586,트레인,Noun,1
2587,가볼까,Verb,1
2588,트론헤임,Noun,1
2589,트롬,Noun,1
2590,그럼,Adjective,1
2591,트룰퉁,Noun,1
2592,그랑몽떼,Noun,1
2593,그라스,Noun,1
2594,트리에스테,Noun,1
2595,트립,Noun,1
2596,그때,Noun,1
2597,트케,Noun,1
2598,특별,Noun,1
2599,특별한,Adjective,1
2600,특이한,Adjective,1
2601,가보는데,Verb,1
2602,특히,Adverb,1
2603,틀어주는,Verb,1
2604,귀국,Noun,1
2605,티미쇼아라,Noun,1
2606,티브이,Noun,1
2607,귀가,Noun,1
2608,궁금하니다,Adjective,1
2609,궁금하네요,Adjective,1
2610,티틀,Noun,1
2611,틱스,Noun,1
2612,틴,Noun,1
2613,요일,Noun,1
2614,궁금증,Noun,1
2615,파나요,Verb,1
2616,파노라마,Noun,1
2617,가보는,Verb,1
2618,파라,Noun,1
2619,파란색,Noun,1
2620,파로,Noun,1
2621,파로스,Noun,1
2622,파르네시,Noun,1
2623,파르크,Noun,1
2624,굴,Noun,1
2625,안내소,Noun,1
2626,가벼운,Adjective,1
2627,안네의,Verb,1
2628,국기,Noun,1
2629,국,Noun,1
2630,안되는,Adjective,1
2631,안된다는,Adjective,1
2632,구석구석,Noun,1
2633,요트,Noun,1
2634,안전한,Adjective,1
2635,구간,Noun,1
2636,교회,Noun,1
2637,앉아,Verb,1
2638,않는,Verb,1
2639,용무,Noun,1
2640,교황,Noun,1
2641,교환학생,Noun,1
2642,알려주시면,Verb,1
2643,알린다,Verb,1
2644,가로등,Noun,1
2645,괴테,Noun,1
2646,알투,Noun,1
2647,알프스,Noun,1
2648,풀치,Verb,1
2649,풍속,Noun,1
2650,풀,Noun,1
2651,푸릇푸릇,Noun,1
2652,푸르트,Noun,1
2653,푸드,Noun,1
2654,표시,Noun,1
2655,프랑,Noun,1
2656,폴라,Noun,1
2657,폰,Noun,1
2658,폭우,Noun,1
2659,프랭탕,Noun,1
2660,포즈난,Noun,1
2661,프레이,Noun,1
2662,프로그램,Noun,1
2663,프로방스,Noun,1
2664,프로즌,Noun,1
2665,포인트,Noun,1
2666,프리미어,Noun,1
2667,프리미어리그,Noun,1
2668,프린트,Noun,1
2669,포시타노,Noun,1
2670,플라이,Noun,1
2671,플랫,Noun,1
2672,플로렌스,Noun,1
2673,포르투나,Noun,1
2674,플젠,Noun,1
2675,알현,Noun,1
2676,피게레스,Noun,1
2677,피고,Noun,1
2678,피노,Verb,1
2679,포,Noun,1
2680,평일,Noun,1
2681,평균,Noun,1
2682,피아,Noun,1
2683,암,Noun,1
2684,페팅,Noun,1
2685,피자,Noun,1
2686,페티예,Noun,1
2687,페이지,Noun,1
2688,페이,Noun,1
2689,피크,Noun,1
2690,피티,Noun,1
2691,페스트,Noun,1
2692,페,Noun,1
2693,괜찮죠,Adjective,1
2694,펀칭,Noun,1
2695,퍼레이드,Noun,1
2696,패커스,Noun,1
2697,패스트,Noun,1
2698,필요해요,Adjective,1
2699,패러,Noun,1
2700,핑거,Noun,1
2701,핑거스,Noun,1
2702,핑크,Noun,1
2703,팝업,Noun,1
2704,팔,Noun,1
2705,하기에,Verb,1
2706,판크라스,Noun,1
2707,괜찮을,Adjective,1
2708,판초,Noun,1
2709,하네요,Verb,1
2710,판,Noun,1
2711,하는가요,Verb,1
2712,파트라스,Noun,1
2713,파트,Noun,1
2714,애,Noun,1
2715,하다,Verb,1
2716,하더쿨름,Noun,1
2717,파인,Verb,1
2718,파운데이션,Noun,1
2719,하려는데는,Verb,1
2720,하려는데요,Verb,1
2721,괜찮습니다,Adjective,1
2722,파마,Noun,1
2723,하며,Verb,1
2724,파리해지는,Adjective,1
2725,파리할,Adjective,1
2726,하세요,Verb,1
2727,하셔요,Verb,1
2728,하시겠어요,Verb,1
2729,하시고,Verb,1
2730,하시나,Verb,1
2731,줄이,Verb,1
2732,하시는,Verb,1
2733,준,Noun,1
2734,하실만,Verb,1
2735,주현절,Noun,1
2736,주차장,Noun,1
2737,하은,Noun,1
2738,하이델베르크,Noun,1
2739,애플,Noun,1
2740,하이킹,Noun,1
2741,애플스토어,Noun,1
2742,괜찮겠죠,Adjective,1
2743,주저주저,Adverb,1
2744,주일,Noun,1
2745,주웠는데,Verb,1
2746,주얼,Noun,1
2747,앤,Noun,1
2748,한가한,Adjective,1
2749,주소,Noun,1
2750,한국어,Noun,1
2751,주번,Noun,1
2752,한다는데,Verb,1
2753,주문,Noun,1
2754,주관,Noun,1
2755,한인,Noun,1
2756,주가,Noun,1
2757,할게,Verb,1
2758,가능,Noun,1
2759,죈다,Noun,1
2760,좋을지요,Adjective,1
2761,좋은지,Adjective,1
2762,좋았던,Adjective,1
2763,용품,Noun,1
2764,광산,Noun,1
2765,함께,Adverb,1
2766,관해,Noun,1
2767,좋았다,Adjective,1
2768,합창단,Noun,1
2769,가려면,Verb,1
2770,항공권,Noun,1
2771,항구,Noun,1
2772,좋겠기에,Adjective,1
2773,종종,Noun,1
2774,종이,Noun,1
2775,조형,Noun,1
2776,해당,Noun,1
2777,조토,Noun,1
2778,조식,Noun,1
2779,해라,Verb,1
2780,조명도,Noun,1
2781,조금,Noun,1
2782,젬,Noun,1
2783,해보시나요,Verb,1
2784,젤,Noun,1
2785,약,Noun,1
2786,젠느위켄,Noun,1
2787,해서요,Verb,1
2788,제품,Noun,1
2789,해외,Noun,1
2790,해외여행,Noun,1
2791,제임스,Noun,1
2792,제외,Noun,1
2793,제로,Noun,1
2794,해지,Noun,1
2795,정확할까,Adjective,1
2796,정확한가요,Adjective,1
2797,약국,Noun,1
2798,했어요,Verb,1
2799,했을,Verb,1
2800,정해져있나요,Verb,1
2801,행진,Noun,1
2802,정차,Noun,1
2803,헛,Noun,1
2804,정장,Noun,1
2805,정상,Noun,1
2806,헤켄,Noun,1
2807,헬,Noun,1
2808,헬부른,Noun,1
2809,헬브룽,Noun,1
2810,정녕,Noun,1
2811,헬프,Noun,1
2812,헷갈리네요,Adjective,1
2813,관측,Noun,1
2814,양조장,Noun,1
2815,현상,Noun,1
2816,정거장,Noun,1
2817,정,Noun,1
2818,접착제,Noun,1
2819,현황,Noun,1
2820,양파,Noun,1
2821,호선,Noun,1
2822,점등,Noun,1
2823,호안,Noun,1
2824,호점,Noun,1
2825,호캉스,Noun,1
2826,젊을,Adjective,1
2827,호페,Noun,1
2828,얕은,Adjective,1
2829,절차,Noun,1
2830,혹은,Adverb,1
2831,전후,Noun,1
2832,혼잡할까,Adjective,1
2833,홀,Noun,1
2834,홈,Noun,1
2835,전혀,Noun,1
2836,홈피,Noun,1
2837,화려하고,Adjective,1
2838,화면,Noun,1
2839,화산,Noun,1
2840,전체,Noun,1
2841,우기,Noun,1
2842,전인,Noun,1
2843,환급,Noun,1
2844,전시,Noun,1
2845,전부,Noun,1
2846,관심,Noun,1
2847,활용,Noun,1
2848,전력,Noun,1
2849,회사,Noun,1
2850,회용,Noun,1
2851,어니언,Noun,1
2852,횟수,Noun,1
2853,효율,Noun,1
2854,전동,Noun,1
2855,전도,Noun,1
2856,후불,Noun,1
2857,어데,Noun,1
2858,후회될까,Adjective,1
2859,훔쳐,Verb,1
2860,휘센,Noun,1
2861,휠,Noun,1
2862,휴무,Noun,1
2863,관람차,Noun,1
2864,전기,Noun,1
2865,휴일,Noun,1
2866,휴전,Noun,1
2867,흐린,Verb,1
2868,흔한,Adjective,1
2869,흥미,Noun,1
2870,흥정,Noun,1
2871,적응,Noun,1
2872,히베르니,Noun,1
2873,적으면,Verb,1
2874,적었어요,Verb,1
2875,적어놓은,Verb,1
2876,공항철도,Noun,1
2877,적당할까,Adjective,1
2878,힘들다고,Adjective,1
2879,봤는데,Verb,1
2880,부근,Noun,1
2881,적극,Noun,1
2882,공짜,Noun,1
2883,어딘,Noun,1
2884,부르,Verb,1
2885,저렴한가요,Adjective,1
2886,잼,Noun,1
2887,부모,Noun,1
2888,부모님,Noun,1
2889,부슈,Noun,1
2890,부스터,Noun,1
2891,부족한가요,Adjective,1
2892,부족할까,Adjective,1
